[{"text":"Welcome to the Alpha Room chat!","username":"Admin","room":"alpha room","timestamp":1700000000},{"text":"Let's discuss.","username":"Admin","room":"beta room","timestamp":1700000100},{"text":"Share something!","username":"Admin","room":"gamma room","timestamp":1700000200},{"text":"Hi","username":"suprakash","room":"alpha room","timestamp":1755001468},{"text":"Hi","username":"santra","room":"alpha room","timestamp":1755001756},{"text":"hello","username":"suprakash","room":"alpha room","timestamp":1755001767},{"text":"How r u","username":"suprakash","room":"alpha room","timestamp":1755002245},{"text":"heyy","username":"ganesh","room":"alpha room","timestamp":1755058429},{"text":"wassup","username":"suprakash","room":"alpha room","timestamp":1755058440},{"text":"fine","username":"suprakash","room":"alpha room","timestamp":1755618146},{"text":"Hi","username":"tejas","room":"alpha room","timestamp":1755676927},{"text":"Hii","username":"ganesh","room":"alpha room","timestamp":1755752011},{"text":"hello","username":"ganesh","room":"alpha room","timestamp":1756437828},{"text":"Helo","username":"ganesh","room":"alpha room","timestamp":1756714734}]